{
  "id": "theuglygoblin-resources",
  "title": "TheUglyGoblin Resources",
  "version": "1.0.0",
  "manifest": "https://github.com/cfarthing03/TheUglyGoblin-resources/releases/latest/download/module.json",
  "download": "https://github.com/cfarthing03/TheUglyGoblin-Resources/releases/download/1.0.0/module.zip",
  "compatibility": {
    "minimum": "11",
    "verified": "13"
  },
  "authors": [
    {
      "name": "cfarthing03, and TheUglyGoblin",
      "flags": {}
    }
  ],
  "packs": [
    {
      "name": "trackers",
      "label": "Trackers",
      "path": "packs/trackers",
      "type": "Item",
      "system": "dnd5e",
      "ownership": {
        "PLAYER": "OBSERVER",
        "ASSISTANT": "OWNER"
      }
    },
    {
      "name": "spells",
      "label": "Spells",
      "path": "packs/spells",
      "type": "Item",
      "system": "dnd5e",
      "ownership": {
        "PLAYER": "OBSERVER",
        "ASSISTANT": "OWNER"
      }
    },
    {
      "name": "featuresabilities",
      "label": "Features\\Abilities",
      "path": "packs/featuresabilities",
      "type": "Item",
      "system": "dnd5e",
      "ownership": {
        "PLAYER": "OBSERVER",
        "ASSISTANT": "OWNER"
      }
    },
    {
      "name": "ugskilltreesandinfo",
      "label": "UG Skill Trees and Info",
      "path": "packs/ugskilltreesandinfo",
      "type": "JournalEntry",
      "ownership": {
        "PLAYER": "OBSERVER",
        "ASSISTANT": "OWNER"
      }
    }
  ],
  "description": "",
  "flags": {}
}